dataset,indicator,region,year,value,unit,source
World Bank WDI,SP.URB.TOTL.IN.ZS,national,1960,18.9945,% of total population,World Development Indicators API
World Bank WDI,SP.URB.TOTL.IN.ZS,national,1961,19.486,% of total population,World Development Indicators API
World Bank WDI,SP.URB.TOTL.IN.ZS,national,1962,19.9779,% of total population,World Development Indicators API
World Bank WDI,SP.URB.TOTL.IN.ZS,national,1963,20.4651,% of total population,World Development Indicators API
World Bank WDI,SP.URB.TOTL.IN.ZS,national,1964,20.9423,% of total population,World Development Indicators API
World Bank WDI,SP.URB.TOTL.IN.ZS,national,1965,21.4043,% of total population,World Development Indicators API
World Bank WDI,SP.URB.TOTL.IN.ZS,national,1966,21.846,% of total population,World Development Indicators API
World Bank WDI,SP.URB.TOTL.IN.ZS,national,1967,22.2622,% of total population,World Development Indicators API
World Bank WDI,SP.URB.TOTL.IN.ZS,national,1968,22.6477,% of total population,World Development Indicators API
World Bank WDI,SP.URB.TOTL.IN.ZS,national,1969,22.9973,% of total population,World Development Indicators API
World Bank WDI,SP.URB.TOTL.IN.ZS,national,1970,23.3057,% of total population,World Development Indicators API
World Bank WDI,SP.URB.TOTL.IN.ZS,national,1971,23.5679,% of total population,World Development Indicators API
World Bank WDI,SP.URB.TOTL.IN.ZS,national,1972,23.7786,% of total population,World Development Indicators API
World Bank WDI,SP.URB.TOTL.IN.ZS,national,1973,23.9344,% of total population,World Development Indicators API
World Bank WDI,SP.URB.TOTL.IN.ZS,national,1974,24.0571,% of total population,World Development Indicators API
World Bank WDI,SP.URB.TOTL.IN.ZS,national,1975,24.1623,% of total population,World Development Indicators API
World Bank WDI,SP.URB.TOTL.IN.ZS,national,1976,24.2536,% of total population,World Development Indicators API
World Bank WDI,SP.URB.TOTL.IN.ZS,national,1977,24.3348,% of total population,World Development Indicators API
World Bank WDI,SP.URB.TOTL.IN.ZS,national,1978,24.4101,% of total population,World Development Indicators API
World Bank WDI,SP.URB.TOTL.IN.ZS,national,1979,24.4835,% of total population,World Development Indicators API
World Bank WDI,SP.URB.TOTL.IN.ZS,national,1980,24.5589,% of total population,World Development Indicators API
World Bank WDI,SP.URB.TOTL.IN.ZS,national,1981,24.6403,% of total population,World Development Indicators API
World Bank WDI,SP.URB.TOTL.IN.ZS,national,1982,24.7318,% of total population,World Development Indicators API
World Bank WDI,SP.URB.TOTL.IN.ZS,national,1983,24.837,% of total population,World Development Indicators API
World Bank WDI,SP.URB.TOTL.IN.ZS,national,1984,24.9534,% of total population,World Development Indicators API
World Bank WDI,SP.URB.TOTL.IN.ZS,national,1985,25.0778,% of total population,World Development Indicators API
World Bank WDI,SP.URB.TOTL.IN.ZS,national,1986,25.21,% of total population,World Development Indicators API
World Bank WDI,SP.URB.TOTL.IN.ZS,national,1987,25.3493,% of total population,World Development Indicators API
World Bank WDI,SP.URB.TOTL.IN.ZS,national,1988,25.495,% of total population,World Development Indicators API
World Bank WDI,SP.URB.TOTL.IN.ZS,national,1989,25.6467,% of total population,World Development Indicators API
World Bank WDI,SP.URB.TOTL.IN.ZS,national,1990,25.8037,% of total population,World Development Indicators API
World Bank WDI,SP.URB.TOTL.IN.ZS,national,1991,25.9654,% of total population,World Development Indicators API
World Bank WDI,SP.URB.TOTL.IN.ZS,national,1992,26.1312,% of total population,World Development Indicators API
World Bank WDI,SP.URB.TOTL.IN.ZS,national,1993,26.3005,% of total population,World Development Indicators API
World Bank WDI,SP.URB.TOTL.IN.ZS,national,1994,26.4728,% of total population,World Development Indicators API
World Bank WDI,SP.URB.TOTL.IN.ZS,national,1995,26.6474,% of total population,World Development Indicators API
World Bank WDI,SP.URB.TOTL.IN.ZS,national,1996,26.8238,% of total population,World Development Indicators API
World Bank WDI,SP.URB.TOTL.IN.ZS,national,1997,27.0013,% of total population,World Development Indicators API
World Bank WDI,SP.URB.TOTL.IN.ZS,national,1998,27.1793,% of total population,World Development Indicators API
World Bank WDI,SP.URB.TOTL.IN.ZS,national,1999,27.3573,% of total population,World Development Indicators API
World Bank WDI,SP.URB.TOTL.IN.ZS,national,2000,27.5346,% of total population,World Development Indicators API
World Bank WDI,SP.URB.TOTL.IN.ZS,national,2001,27.7107,% of total population,World Development Indicators API
World Bank WDI,SP.URB.TOTL.IN.ZS,national,2002,27.885,% of total population,World Development Indicators API
World Bank WDI,SP.URB.TOTL.IN.ZS,national,2003,28.0568,% of total population,World Development Indicators API
World Bank WDI,SP.URB.TOTL.IN.ZS,national,2004,28.2256,% of total population,World Development Indicators API
World Bank WDI,SP.URB.TOTL.IN.ZS,national,2005,28.3908,% of total population,World Development Indicators API
World Bank WDI,SP.URB.TOTL.IN.ZS,national,2006,28.5518,% of total population,World Development Indicators API
World Bank WDI,SP.URB.TOTL.IN.ZS,national,2007,28.7079,% of total population,World Development Indicators API
World Bank WDI,SP.URB.TOTL.IN.ZS,national,2008,28.8587,% of total population,World Development Indicators API
World Bank WDI,SP.URB.TOTL.IN.ZS,national,2009,29.0034,% of total population,World Development Indicators API
World Bank WDI,SP.URB.TOTL.IN.ZS,national,2010,29.1415,% of total population,World Development Indicators API
World Bank WDI,SP.URB.TOTL.IN.ZS,national,2011,29.2725,% of total population,World Development Indicators API
World Bank WDI,SP.URB.TOTL.IN.ZS,national,2012,29.3956,% of total population,World Development Indicators API
World Bank WDI,SP.URB.TOTL.IN.ZS,national,2013,29.5104,% of total population,World Development Indicators API
World Bank WDI,SP.URB.TOTL.IN.ZS,national,2014,29.6164,% of total population,World Development Indicators API
World Bank WDI,SP.URB.TOTL.IN.ZS,national,2015,29.7167,% of total population,World Development Indicators API
World Bank WDI,SP.URB.TOTL.IN.ZS,national,2016,29.8129,% of total population,World Development Indicators API
World Bank WDI,SP.URB.TOTL.IN.ZS,national,2017,29.9052,% of total population,World Development Indicators API
World Bank WDI,SP.URB.TOTL.IN.ZS,national,2018,29.9936,% of total population,World Development Indicators API
World Bank WDI,SP.URB.TOTL.IN.ZS,national,2019,30.0782,% of total population,World Development Indicators API
World Bank WDI,SP.URB.TOTL.IN.ZS,national,2020,30.1593,% of total population,World Development Indicators API
World Bank WDI,SP.URB.TOTL.IN.ZS,national,2021,30.2369,% of total population,World Development Indicators API
World Bank WDI,SP.URB.TOTL.IN.ZS,national,2022,30.3111,% of total population,World Development Indicators API
World Bank WDI,SP.URB.TOTL.IN.ZS,national,2023,30.3821,% of total population,World Development Indicators API
World Bank WDI,SP.URB.TOTL.IN.ZS,national,2024,30.4499,% of total population,World Development Indicators API
National statistical office,ADM1_POPULATION,Ayeyarwady,,,persons,official ADM1 population table not yet archived
National statistical office,ADM1_POPULATION,Bago,,,persons,official ADM1 population table not yet archived
National statistical office,ADM1_POPULATION,Chin,,,persons,official ADM1 population table not yet archived
National statistical office,ADM1_POPULATION,Kachin,,,persons,official ADM1 population table not yet archived
National statistical office,ADM1_POPULATION,Kayah,,,persons,official ADM1 population table not yet archived
National statistical office,ADM1_POPULATION,Kayin,,,persons,official ADM1 population table not yet archived
National statistical office,ADM1_POPULATION,Magway,,,persons,official ADM1 population table not yet archived
National statistical office,ADM1_POPULATION,Mandalay,,,persons,official ADM1 population table not yet archived
National statistical office,ADM1_POPULATION,Mon,,,persons,official ADM1 population table not yet archived
National statistical office,ADM1_POPULATION,Rakhine,,,persons,official ADM1 population table not yet archived
National statistical office,ADM1_POPULATION,Saigang,,,persons,official ADM1 population table not yet archived
National statistical office,ADM1_POPULATION,Shan,,,persons,official ADM1 population table not yet archived
National statistical office,ADM1_POPULATION,Tanitharyi,,,persons,official ADM1 population table not yet archived
National statistical office,ADM1_POPULATION,Yangon,,,persons,official ADM1 population table not yet archived
