"country_code","indicator_code","indicator_name","year","value","unit","value_type","source"
"MMR","GC.REV.XGRT.GD.ZS","Government revenue excluding grants","1973","12.3647208149576","percent of GDP","international_observation","World Bank WDI API"
"MMR","GC.REV.XGRT.GD.ZS","Government revenue excluding grants","1974","9.87647930253264","percent of GDP","international_observation","World Bank WDI API"
"MMR","GC.REV.XGRT.GD.ZS","Government revenue excluding grants","1975","9.23456992601636","percent of GDP","international_observation","World Bank WDI API"
"MMR","GC.REV.XGRT.GD.ZS","Government revenue excluding grants","1976","11.9371421015371","percent of GDP","international_observation","World Bank WDI API"
"MMR","GC.REV.XGRT.GD.ZS","Government revenue excluding grants","1977","14.3966507340018","percent of GDP","international_observation","World Bank WDI API"
"MMR","GC.REV.XGRT.GD.ZS","Government revenue excluding grants","1978","14.9465406454946","percent of GDP","international_observation","World Bank WDI API"
"MMR","GC.REV.XGRT.GD.ZS","Government revenue excluding grants","1979","16.0954343159505","percent of GDP","international_observation","World Bank WDI API"
"MMR","GC.REV.XGRT.GD.ZS","Government revenue excluding grants","1980","15.9833206136733","percent of GDP","international_observation","World Bank WDI API"
"MMR","GC.REV.XGRT.GD.ZS","Government revenue excluding grants","1981","17.0242537313433","percent of GDP","international_observation","World Bank WDI API"
"MMR","GC.REV.XGRT.GD.ZS","Government revenue excluding grants","1982","15.9001086770185","percent of GDP","international_observation","World Bank WDI API"
"MMR","GC.REV.XGRT.GD.ZS","Government revenue excluding grants","1983","15.3302696143429","percent of GDP","international_observation","World Bank WDI API"
"MMR","GC.REV.XGRT.GD.ZS","Government revenue excluding grants","1984","14.4392410831161","percent of GDP","international_observation","World Bank WDI API"
"MMR","GC.REV.XGRT.GD.ZS","Government revenue excluding grants","1985","13.6044584802099","percent of GDP","international_observation","World Bank WDI API"
"MMR","GC.REV.XGRT.GD.ZS","Government revenue excluding grants","1986","12.3907296552046","percent of GDP","international_observation","World Bank WDI API"
"MMR","GC.REV.XGRT.GD.ZS","Government revenue excluding grants","1987","10.4748316593676","percent of GDP","international_observation","World Bank WDI API"
"MMR","GC.REV.XGRT.GD.ZS","Government revenue excluding grants","1988","8.45192240214495","percent of GDP","international_observation","World Bank WDI API"
"MMR","GC.REV.XGRT.GD.ZS","Government revenue excluding grants","1989","7.8160843585557","percent of GDP","international_observation","World Bank WDI API"
"MMR","GC.REV.XGRT.GD.ZS","Government revenue excluding grants","1990","10.4632443823737","percent of GDP","international_observation","World Bank WDI API"
"MMR","GC.REV.XGRT.GD.ZS","Government revenue excluding grants","1991","9.28414195963221","percent of GDP","international_observation","World Bank WDI API"
"MMR","GC.REV.XGRT.GD.ZS","Government revenue excluding grants","1992","7.78725450059684","percent of GDP","international_observation","World Bank WDI API"
"MMR","GC.REV.XGRT.GD.ZS","Government revenue excluding grants","1993","7.25215065357055","percent of GDP","international_observation","World Bank WDI API"
"MMR","GC.REV.XGRT.GD.ZS","Government revenue excluding grants","1994","6.64799531107986","percent of GDP","international_observation","World Bank WDI API"
"MMR","GC.REV.XGRT.GD.ZS","Government revenue excluding grants","1995","6.37938646898032","percent of GDP","international_observation","World Bank WDI API"
"MMR","GC.REV.XGRT.GD.ZS","Government revenue excluding grants","1996","6.84802646531478","percent of GDP","international_observation","World Bank WDI API"
"MMR","GC.REV.XGRT.GD.ZS","Government revenue excluding grants","1997","7.67184542509261","percent of GDP","international_observation","World Bank WDI API"
"MMR","GC.REV.XGRT.GD.ZS","Government revenue excluding grants","1998","7.20516394827603","percent of GDP","international_observation","World Bank WDI API"
"MMR","GC.REV.XGRT.GD.ZS","Government revenue excluding grants","1999","5.60119069359728","percent of GDP","international_observation","World Bank WDI API"
"MMR","GC.REV.XGRT.GD.ZS","Government revenue excluding grants","2000","5.25127485939087","percent of GDP","international_observation","World Bank WDI API"
"MMR","GC.REV.XGRT.GD.ZS","Government revenue excluding grants","2001","4.57227761288365","percent of GDP","international_observation","World Bank WDI API"
"MMR","GC.REV.XGRT.GD.ZS","Government revenue excluding grants","2002","4.96011318385281","percent of GDP","international_observation","World Bank WDI API"
"MMR","GC.REV.XGRT.GD.ZS","Government revenue excluding grants","2003","4.9777128995997","percent of GDP","international_observation","World Bank WDI API"
"MMR","GC.REV.XGRT.GD.ZS","Government revenue excluding grants","2004","6.46875895101498","percent of GDP","international_observation","World Bank WDI API"
"MMR","GC.REV.XGRT.GD.ZS","Government revenue excluding grants","2005","6.66748304643303","percent of GDP","international_observation","World Bank WDI API"
"MMR","GC.REV.XGRT.GD.ZS","Government revenue excluding grants","2012","19.7007501337319","percent of GDP","international_observation","World Bank WDI API"
"MMR","GC.REV.XGRT.GD.ZS","Government revenue excluding grants","2013","20.0136948721279","percent of GDP","international_observation","World Bank WDI API"
"MMR","GC.REV.XGRT.GD.ZS","Government revenue excluding grants","2014","22.0275608393637","percent of GDP","international_observation","World Bank WDI API"
"MMR","GC.REV.XGRT.GD.ZS","Government revenue excluding grants","2015","18.5063974234776","percent of GDP","international_observation","World Bank WDI API"
"MMR","GC.REV.XGRT.GD.ZS","Government revenue excluding grants","2016","16.789835742121","percent of GDP","international_observation","World Bank WDI API"
"MMR","GC.REV.XGRT.GD.ZS","Government revenue excluding grants","2017","15.9852528823652","percent of GDP","international_observation","World Bank WDI API"
"MMR","GC.REV.XGRT.GD.ZS","Government revenue excluding grants","2018","7.01300899608592","percent of GDP","international_observation","World Bank WDI API"
"MMR","GC.REV.XGRT.GD.ZS","Government revenue excluding grants","2019","14.3891961645863","percent of GDP","international_observation","World Bank WDI API"
"MMR","GC.TAX.TOTL.GD.ZS","Tax revenue","1973","9.42479753366172","percent of GDP","international_observation","World Bank WDI API"
"MMR","GC.TAX.TOTL.GD.ZS","Tax revenue","1974","7.612796448263","percent of GDP","international_observation","World Bank WDI API"
"MMR","GC.TAX.TOTL.GD.ZS","Tax revenue","1975","7.92264763025389","percent of GDP","international_observation","World Bank WDI API"
"MMR","GC.TAX.TOTL.GD.ZS","Tax revenue","1976","8.80519186781064","percent of GDP","international_observation","World Bank WDI API"
"MMR","GC.TAX.TOTL.GD.ZS","Tax revenue","1977","10.4564792033779","percent of GDP","international_observation","World Bank WDI API"
"MMR","GC.TAX.TOTL.GD.ZS","Tax revenue","1978","10.0094338048831","percent of GDP","international_observation","World Bank WDI API"
"MMR","GC.TAX.TOTL.GD.ZS","Tax revenue","1979","10.2114167420344","percent of GDP","international_observation","World Bank WDI API"
"MMR","GC.TAX.TOTL.GD.ZS","Tax revenue","1980","9.61174895435775","percent of GDP","international_observation","World Bank WDI API"
"MMR","GC.TAX.TOTL.GD.ZS","Tax revenue","1981","9.9277052238806","percent of GDP","international_observation","World Bank WDI API"
"MMR","GC.TAX.TOTL.GD.ZS","Tax revenue","1982","9.83102245487561","percent of GDP","international_observation","World Bank WDI API"
"MMR","GC.TAX.TOTL.GD.ZS","Tax revenue","1983","9.23669818868891","percent of GDP","international_observation","World Bank WDI API"
"MMR","GC.TAX.TOTL.GD.ZS","Tax revenue","1984","8.58443574407767","percent of GDP","international_observation","World Bank WDI API"
"MMR","GC.TAX.TOTL.GD.ZS","Tax revenue","1985","8.25519326447815","percent of GDP","international_observation","World Bank WDI API"
"MMR","GC.TAX.TOTL.GD.ZS","Tax revenue","1986","7.41173670242276","percent of GDP","international_observation","World Bank WDI API"
"MMR","GC.TAX.TOTL.GD.ZS","Tax revenue","1987","6.3655418074506","percent of GDP","international_observation","World Bank WDI API"
"MMR","GC.TAX.TOTL.GD.ZS","Tax revenue","1988","4.49352671473442","percent of GDP","international_observation","World Bank WDI API"
"MMR","GC.TAX.TOTL.GD.ZS","Tax revenue","1989","4.26178737654007","percent of GDP","international_observation","World Bank WDI API"
"MMR","GC.TAX.TOTL.GD.ZS","Tax revenue","1990","6.19778414572987","percent of GDP","international_observation","World Bank WDI API"
"MMR","GC.TAX.TOTL.GD.ZS","Tax revenue","1991","5.61020629285277","percent of GDP","international_observation","World Bank WDI API"
"MMR","GC.TAX.TOTL.GD.ZS","Tax revenue","1992","5.03739654451358","percent of GDP","international_observation","World Bank WDI API"
"MMR","GC.TAX.TOTL.GD.ZS","Tax revenue","1993","4.72801035299943","percent of GDP","international_observation","World Bank WDI API"
"MMR","GC.TAX.TOTL.GD.ZS","Tax revenue","1994","4.25171345046186","percent of GDP","international_observation","World Bank WDI API"
"MMR","GC.TAX.TOTL.GD.ZS","Tax revenue","1995","3.74448720005159","percent of GDP","international_observation","World Bank WDI API"
"MMR","GC.TAX.TOTL.GD.ZS","Tax revenue","1996","3.9593171544736","percent of GDP","international_observation","World Bank WDI API"
"MMR","GC.TAX.TOTL.GD.ZS","Tax revenue","1997","4.41523918074799","percent of GDP","international_observation","World Bank WDI API"
"MMR","GC.TAX.TOTL.GD.ZS","Tax revenue","1998","3.51930951883989","percent of GDP","international_observation","World Bank WDI API"
"MMR","GC.TAX.TOTL.GD.ZS","Tax revenue","1999","2.75274845684649","percent of GDP","international_observation","World Bank WDI API"
"MMR","GC.TAX.TOTL.GD.ZS","Tax revenue","2000","2.96650745818451","percent of GDP","international_observation","World Bank WDI API"
"MMR","GC.TAX.TOTL.GD.ZS","Tax revenue","2001","2.25714041101971","percent of GDP","international_observation","World Bank WDI API"
"MMR","GC.TAX.TOTL.GD.ZS","Tax revenue","2002","2.0010471703619","percent of GDP","international_observation","World Bank WDI API"
"MMR","GC.TAX.TOTL.GD.ZS","Tax revenue","2003","2.21041186420545","percent of GDP","international_observation","World Bank WDI API"
"MMR","GC.TAX.TOTL.GD.ZS","Tax revenue","2004","3.27245665609108","percent of GDP","international_observation","World Bank WDI API"
"MMR","GC.TAX.TOTL.GD.ZS","Tax revenue","2005","3.88177835640941","percent of GDP","international_observation","World Bank WDI API"
"MMR","GC.TAX.TOTL.GD.ZS","Tax revenue","2012","4.52409369741194","percent of GDP","international_observation","World Bank WDI API"
"MMR","GC.TAX.TOTL.GD.ZS","Tax revenue","2013","5.52956758874506","percent of GDP","international_observation","World Bank WDI API"
"MMR","GC.TAX.TOTL.GD.ZS","Tax revenue","2014","5.84092892509683","percent of GDP","international_observation","World Bank WDI API"
"MMR","GC.TAX.TOTL.GD.ZS","Tax revenue","2015","6.01128503979227","percent of GDP","international_observation","World Bank WDI API"
"MMR","GC.TAX.TOTL.GD.ZS","Tax revenue","2016","7.17585983640205","percent of GDP","international_observation","World Bank WDI API"
"MMR","GC.TAX.TOTL.GD.ZS","Tax revenue","2017","6.07774232896579","percent of GDP","international_observation","World Bank WDI API"
"MMR","GC.TAX.TOTL.GD.ZS","Tax revenue","2018","2.75697125272766","percent of GDP","international_observation","World Bank WDI API"
"MMR","GC.TAX.TOTL.GD.ZS","Tax revenue","2019","6.01765247726484","percent of GDP","international_observation","World Bank WDI API"
"MMR","GC.XPN.INTP.ZS","Government interest payments","2012","12.6227645525108","percent of expense","international_observation","World Bank WDI API"
"MMR","GC.XPN.INTP.ZS","Government interest payments","2013","9.44711968595883","percent of expense","international_observation","World Bank WDI API"
"MMR","GC.XPN.INTP.ZS","Government interest payments","2014","8.17428112358236","percent of expense","international_observation","World Bank WDI API"
"MMR","GC.XPN.INTP.ZS","Government interest payments","2015","7.00082983541651","percent of expense","international_observation","World Bank WDI API"
"MMR","GC.XPN.INTP.ZS","Government interest payments","2016","8.52958213673693","percent of expense","international_observation","World Bank WDI API"
"MMR","GC.XPN.INTP.ZS","Government interest payments","2017","8.74538472079758","percent of expense","international_observation","World Bank WDI API"
"MMR","GC.XPN.INTP.ZS","Government interest payments","2018","11.5813170575616","percent of expense","international_observation","World Bank WDI API"
"MMR","GC.XPN.INTP.ZS","Government interest payments","2019","10.2335200734128","percent of expense","international_observation","World Bank WDI API"
"MMR","GC.XPN.TOTL.GD.ZS","Government expenses","2003","3.05760962946427","percent of GDP","international_observation","World Bank WDI API"
"MMR","GC.XPN.TOTL.GD.ZS","Government expenses","2004","3.64395423975417","percent of GDP","international_observation","World Bank WDI API"
"MMR","GC.XPN.TOTL.GD.ZS","Government expenses","2005","2.80606806409765","percent of GDP","international_observation","World Bank WDI API"
"MMR","GC.XPN.TOTL.GD.ZS","Government expenses","2012","10.5504277139389","percent of GDP","international_observation","World Bank WDI API"
"MMR","GC.XPN.TOTL.GD.ZS","Government expenses","2013","14.0348673040125","percent of GDP","international_observation","World Bank WDI API"
"MMR","GC.XPN.TOTL.GD.ZS","Government expenses","2014","16.4944873473396","percent of GDP","international_observation","World Bank WDI API"
"MMR","GC.XPN.TOTL.GD.ZS","Government expenses","2015","17.0397019631168","percent of GDP","international_observation","World Bank WDI API"
"MMR","GC.XPN.TOTL.GD.ZS","Government expenses","2016","15.3475412654351","percent of GDP","international_observation","World Bank WDI API"
"MMR","GC.XPN.TOTL.GD.ZS","Government expenses","2017","16.9198889367861","percent of GDP","international_observation","World Bank WDI API"
"MMR","GC.XPN.TOTL.GD.ZS","Government expenses","2018","6.38116100422309","percent of GDP","international_observation","World Bank WDI API"
"MMR","GC.XPN.TOTL.GD.ZS","Government expenses","2019","13.7755198098588","percent of GDP","international_observation","World Bank WDI API"
"MMR","GGXCNL_NGDP","Fiscal balance","1998","-4.9","percent of GDP","international_estimate_or_projection_status_not_preserved","IMF DataMapper API"
"MMR","GGXCNL_NGDP","Fiscal balance","1999","-4.5","percent of GDP","international_estimate_or_projection_status_not_preserved","IMF DataMapper API"
"MMR","GGXCNL_NGDP","Fiscal balance","2000","-6.0","percent of GDP","international_estimate_or_projection_status_not_preserved","IMF DataMapper API"
"MMR","GGXCNL_NGDP","Fiscal balance","2001","-6.3","percent of GDP","international_estimate_or_projection_status_not_preserved","IMF DataMapper API"
"MMR","GGXCNL_NGDP","Fiscal balance","2002","-4.0","percent of GDP","international_estimate_or_projection_status_not_preserved","IMF DataMapper API"
"MMR","GGXCNL_NGDP","Fiscal balance","2003","-4.2","percent of GDP","international_estimate_or_projection_status_not_preserved","IMF DataMapper API"
"MMR","GGXCNL_NGDP","Fiscal balance","2004","-4.6","percent of GDP","international_estimate_or_projection_status_not_preserved","IMF DataMapper API"
"MMR","GGXCNL_NGDP","Fiscal balance","2005","-3.5","percent of GDP","international_estimate_or_projection_status_not_preserved","IMF DataMapper API"
"MMR","GGXCNL_NGDP","Fiscal balance","2006","-3.4","percent of GDP","international_estimate_or_projection_status_not_preserved","IMF DataMapper API"
"MMR","GGXCNL_NGDP","Fiscal balance","2007","-3.5","percent of GDP","international_estimate_or_projection_status_not_preserved","IMF DataMapper API"
"MMR","GGXCNL_NGDP","Fiscal balance","2008","-2.7","percent of GDP","international_estimate_or_projection_status_not_preserved","IMF DataMapper API"
"MMR","GGXCNL_NGDP","Fiscal balance","2009","-3.6","percent of GDP","international_estimate_or_projection_status_not_preserved","IMF DataMapper API"
"MMR","GGXCNL_NGDP","Fiscal balance","2010","-5.4","percent of GDP","international_estimate_or_projection_status_not_preserved","IMF DataMapper API"
"MMR","GGXCNL_NGDP","Fiscal balance","2011","-4.8","percent of GDP","international_estimate_or_projection_status_not_preserved","IMF DataMapper API"
"MMR","GGXCNL_NGDP","Fiscal balance","2012","-2.7","percent of GDP","international_estimate_or_projection_status_not_preserved","IMF DataMapper API"
"MMR","GGXCNL_NGDP","Fiscal balance","2013","-1.5","percent of GDP","international_estimate_or_projection_status_not_preserved","IMF DataMapper API"
"MMR","GGXCNL_NGDP","Fiscal balance","2014","-1.1","percent of GDP","international_estimate_or_projection_status_not_preserved","IMF DataMapper API"
"MMR","GGXCNL_NGDP","Fiscal balance","2015","-4.3","percent of GDP","international_estimate_or_projection_status_not_preserved","IMF DataMapper API"
"MMR","GGXCNL_NGDP","Fiscal balance","2016","-2.5","percent of GDP","international_estimate_or_projection_status_not_preserved","IMF DataMapper API"
"MMR","GGXCNL_NGDP","Fiscal balance","2017","-3.4","percent of GDP","international_estimate_or_projection_status_not_preserved","IMF DataMapper API"
"MMR","GGXCNL_NGDP","Fiscal balance","2018","-2.8","percent of GDP","international_estimate_or_projection_status_not_preserved","IMF DataMapper API"
"MMR","GGXCNL_NGDP","Fiscal balance","2019","-4.7","percent of GDP","international_estimate_or_projection_status_not_preserved","IMF DataMapper API"
"MMR","GGXCNL_NGDP","Fiscal balance","2020","-6.5","percent of GDP","international_estimate_or_projection_status_not_preserved","IMF DataMapper API"
"MMR","GGXCNL_NGDP","Fiscal balance","2021","-2.2","percent of GDP","international_estimate_or_projection_status_not_preserved","IMF DataMapper API"
"MMR","GGXCNL_NGDP","Fiscal balance","2022","-2.8","percent of GDP","international_estimate_or_projection_status_not_preserved","IMF DataMapper API"
"MMR","GGXCNL_NGDP","Fiscal balance","2023","-2.8","percent of GDP","international_estimate_or_projection_status_not_preserved","IMF DataMapper API"
"MMR","GGXCNL_NGDP","Fiscal balance","2024","-4.1","percent of GDP","international_estimate_or_projection_status_not_preserved","IMF DataMapper API"
"MMR","GGXWDG_NGDP","General government gross debt","1998","208.6","percent of GDP","international_estimate_or_projection_status_not_preserved","IMF DataMapper API"
"MMR","GGXWDG_NGDP","General government gross debt","1999","150.7","percent of GDP","international_estimate_or_projection_status_not_preserved","IMF DataMapper API"
"MMR","GGXWDG_NGDP","General government gross debt","2000","164.5","percent of GDP","international_estimate_or_projection_status_not_preserved","IMF DataMapper API"
"MMR","GGXWDG_NGDP","General government gross debt","2001","262.0","percent of GDP","international_estimate_or_projection_status_not_preserved","IMF DataMapper API"
"MMR","GGXWDG_NGDP","General government gross debt","2002","190.6","percent of GDP","international_estimate_or_projection_status_not_preserved","IMF DataMapper API"
"MMR","GGXWDG_NGDP","General government gross debt","2003","146.0","percent of GDP","international_estimate_or_projection_status_not_preserved","IMF DataMapper API"
"MMR","GGXWDG_NGDP","General government gross debt","2004","126.6","percent of GDP","international_estimate_or_projection_status_not_preserved","IMF DataMapper API"
"MMR","GGXWDG_NGDP","General government gross debt","2005","119.0","percent of GDP","international_estimate_or_projection_status_not_preserved","IMF DataMapper API"
"MMR","GGXWDG_NGDP","General government gross debt","2006","103.1","percent of GDP","international_estimate_or_projection_status_not_preserved","IMF DataMapper API"
"MMR","GGXWDG_NGDP","General government gross debt","2007","77.4","percent of GDP","international_estimate_or_projection_status_not_preserved","IMF DataMapper API"
"MMR","GGXWDG_NGDP","General government gross debt","2008","59.8","percent of GDP","international_estimate_or_projection_status_not_preserved","IMF DataMapper API"
"MMR","GGXWDG_NGDP","General government gross debt","2009","56.4","percent of GDP","international_estimate_or_projection_status_not_preserved","IMF DataMapper API"
"MMR","GGXWDG_NGDP","General government gross debt","2010","54.4","percent of GDP","international_estimate_or_projection_status_not_preserved","IMF DataMapper API"
"MMR","GGXWDG_NGDP","General government gross debt","2011","49.9","percent of GDP","international_estimate_or_projection_status_not_preserved","IMF DataMapper API"
"MMR","GGXWDG_NGDP","General government gross debt","2012","48.0","percent of GDP","international_estimate_or_projection_status_not_preserved","IMF DataMapper API"
"MMR","GGXWDG_NGDP","General government gross debt","2013","44.8","percent of GDP","international_estimate_or_projection_status_not_preserved","IMF DataMapper API"
"MMR","GGXWDG_NGDP","General government gross debt","2014","34.5","percent of GDP","international_estimate_or_projection_status_not_preserved","IMF DataMapper API"
"MMR","GGXWDG_NGDP","General government gross debt","2015","36.6","percent of GDP","international_estimate_or_projection_status_not_preserved","IMF DataMapper API"
"MMR","GGXWDG_NGDP","General government gross debt","2016","35.7","percent of GDP","international_estimate_or_projection_status_not_preserved","IMF DataMapper API"
"MMR","GGXWDG_NGDP","General government gross debt","2017","41.9","percent of GDP","international_estimate_or_projection_status_not_preserved","IMF DataMapper API"
"MMR","GGXWDG_NGDP","General government gross debt","2018","39.9","percent of GDP","international_estimate_or_projection_status_not_preserved","IMF DataMapper API"
"MMR","GGXWDG_NGDP","General government gross debt","2019","37.6","percent of GDP","international_estimate_or_projection_status_not_preserved","IMF DataMapper API"
"MMR","GGXWDG_NGDP","General government gross debt","2020","49.1","percent of GDP","international_estimate_or_projection_status_not_preserved","IMF DataMapper API"
"MMR","GGXWDG_NGDP","General government gross debt","2021","63.4","percent of GDP","international_estimate_or_projection_status_not_preserved","IMF DataMapper API"
"MMR","GGXWDG_NGDP","General government gross debt","2022","56.0","percent of GDP","international_estimate_or_projection_status_not_preserved","IMF DataMapper API"
"MMR","GGXWDG_NGDP","General government gross debt","2023","53.2","percent of GDP","international_estimate_or_projection_status_not_preserved","IMF DataMapper API"
"MMR","GGXWDG_NGDP","General government gross debt","2024","50.6","percent of GDP","international_estimate_or_projection_status_not_preserved","IMF DataMapper API"
"MMR","rev","General government revenue","1998","20.31052633566","percent of GDP","international_estimate_or_projection_status_not_preserved","IMF DataMapper API"
"MMR","rev","General government revenue","1999","18.328016582236","percent of GDP","international_estimate_or_projection_status_not_preserved","IMF DataMapper API"
"MMR","rev","General government revenue","2000","15.41064057964","percent of GDP","international_estimate_or_projection_status_not_preserved","IMF DataMapper API"
"MMR","rev","General government revenue","2001","12.739174988417","percent of GDP","international_estimate_or_projection_status_not_preserved","IMF DataMapper API"
"MMR","rev","General government revenue","2002","11.307917906345","percent of GDP","international_estimate_or_projection_status_not_preserved","IMF DataMapper API"
"MMR","rev","General government revenue","2003","10.102843309489","percent of GDP","international_estimate_or_projection_status_not_preserved","IMF DataMapper API"
"MMR","rev","General government revenue","2004","9.9366771744307","percent of GDP","international_estimate_or_projection_status_not_preserved","IMF DataMapper API"
"MMR","rev","General government revenue","2005","11.15845184428","percent of GDP","international_estimate_or_projection_status_not_preserved","IMF DataMapper API"
"MMR","rev","General government revenue","2006","12.179828872016","percent of GDP","international_estimate_or_projection_status_not_preserved","IMF DataMapper API"
"MMR","rev","General government revenue","2007","12.201441503136","percent of GDP","international_estimate_or_projection_status_not_preserved","IMF DataMapper API"
"MMR","rev","General government revenue","2008","11.670667408619","percent of GDP","international_estimate_or_projection_status_not_preserved","IMF DataMapper API"
"MMR","rev","General government revenue","2009","10.894696974612","percent of GDP","international_estimate_or_projection_status_not_preserved","IMF DataMapper API"
"MMR","rev","General government revenue","2010","10.380308880245","percent of GDP","international_estimate_or_projection_status_not_preserved","IMF DataMapper API"
"MMR","rev","General government revenue","2011","10.785212903994","percent of GDP","international_estimate_or_projection_status_not_preserved","IMF DataMapper API"
"MMR","rev","General government revenue","2012","17.253590489141","percent of GDP","international_estimate_or_projection_status_not_preserved","IMF DataMapper API"
"MMR","rev","General government revenue","2013","22.35941292633","percent of GDP","international_estimate_or_projection_status_not_preserved","IMF DataMapper API"
"MMR","rev","General government revenue","2014","23.674886175309","percent of GDP","international_estimate_or_projection_status_not_preserved","IMF DataMapper API"
"MMR","rev","General government revenue","2015","19.405695721584","percent of GDP","international_estimate_or_projection_status_not_preserved","IMF DataMapper API"
"MMR","rev","General government revenue","2016","18.734868315257","percent of GDP","international_estimate_or_projection_status_not_preserved","IMF DataMapper API"
"MMR","rev","General government revenue","2017","16.272653576874","percent of GDP","international_estimate_or_projection_status_not_preserved","IMF DataMapper API"
"MMR","rev","General government revenue","2018","15.948862125623","percent of GDP","international_estimate_or_projection_status_not_preserved","IMF DataMapper API"
"MMR","rev","General government revenue","2019","15.84474711559","percent of GDP","international_estimate_or_projection_status_not_preserved","IMF DataMapper API"
"MMR","rev","General government revenue","2020","14.805155646835","percent of GDP","international_estimate_or_projection_status_not_preserved","IMF DataMapper API"
"MMR","rev","General government revenue","2021","18.428780728529","percent of GDP","international_estimate_or_projection_status_not_preserved","IMF DataMapper API"
"MMR","rev","General government revenue","2022","18.512206810358","percent of GDP","international_estimate_or_projection_status_not_preserved","IMF DataMapper API"
"MMR","rev","General government revenue","2023","16.230182642096","percent of GDP","international_estimate_or_projection_status_not_preserved","IMF DataMapper API"
"MMR","rev","General government revenue","2024","15.605900809065","percent of GDP","international_estimate_or_projection_status_not_preserved","IMF DataMapper API"
